<?xml version="1.0" encoding="UTF-8"?>
<project-private xmlns="http://www.netbeans.org/ns/project-private/1">
    <editor-bookmarks xmlns="http://www.netbeans.org/ns/editor-bookmarks/2" lastBookmarkId="0"/>
    <open-files xmlns="http://www.netbeans.org/ns/projectui-open-files/2">
        <group>
            <file>file:/home/carlos/NetBeansProjects/JavaSENoviembreMañana/Clase04/src/ar/com/eduit/curso/java/doc/Diagrama%20de%20Herencia.jpg</file>
            <file>file:/home/carlos/NetBeansProjects/JavaSENoviembreMañana/Clase04/src/ar/com/eduit/curso/java/entities/Persona.java</file>
            <file>file:/home/carlos/NetBeansProjects/JavaSENoviembreMañana/Clase04/src/ar/com/eduit/curso/java/entities/Cliente.java</file>
            <file>file:/home/carlos/NetBeansProjects/JavaSENoviembreMañana/Clase04/src/ar/com/eduit/curso/java/entities/Direccion.java</file>
            <file>file:/home/carlos/NetBeansProjects/JavaSENoviembreMañana/Clase04/src/ar/com/eduit/curso/java/test/TestHerencia.java</file>
            <file>file:/home/carlos/NetBeansProjects/JavaSENoviembreMañana/Clase04/src/ar/com/eduit/curso/java/entities/Empleado.java</file>
        </group>
    </open-files>
</project-private>
