<?xml version="1.0" encoding="UTF-8"?>
<project-private xmlns="http://www.netbeans.org/ns/project-private/1">
    <editor-bookmarks xmlns="http://www.netbeans.org/ns/editor-bookmarks/2" lastBookmarkId="0"/>
    <open-files xmlns="http://www.netbeans.org/ns/projectui-open-files/2">
        <group>
            <file>file:/home/carlos/NetBeansProjects/JavaSENoviembreMañana/Clase05/texto.txt</file>
            <file>file:/home/carlos/NetBeansProjects/JavaSENoviembreMañana/Clase05/src/ar/com/eduit/curso/java/sql/base.sql</file>
            <file>file:/home/carlos/NetBeansProjects/JavaSENoviembreMañana/Clase05/src/clase05/Clase05.java</file>
            <file>file:/home/carlos/NetBeansProjects/JavaSENoviembreMañana/Clase05/src/clase05/Vuelo.java</file>
            <file>file:/home/carlos/NetBeansProjects/JavaSENoviembreMañana/Clase05/src/clase05/Lector.java</file>
        </group>
    </open-files>
</project-private>
