<?xml version="1.0" encoding="UTF-8"?>
<project-private xmlns="http://www.netbeans.org/ns/project-private/1">
    <editor-bookmarks xmlns="http://www.netbeans.org/ns/editor-bookmarks/2" lastBookmarkId="0"/>
    <open-files xmlns="http://www.netbeans.org/ns/projectui-open-files/2">
        <group>
            <file>file:/home/carlos/NetBeansProjects/JavaSENoviembreMañana/Clase03/src/clase03/Clase03.java</file>
            <file>file:/home/carlos/NetBeansProjects/JavaSENoviembreMañana/Clase03/src/ar/com/eduit/curso/java/entities/Cuenta.java</file>
            <file>file:/home/carlos/NetBeansProjects/JavaSENoviembreMañana/Clase03/src/ar/com/eduit/curso/java/test/TestRelaciones.java</file>
            <file>file:/home/carlos/NetBeansProjects/JavaSENoviembreMañana/Clase03/src/ar/com/eduit/curso/java/doc/Diagrama%20de%20Relaciones.jpg</file>
            <file>file:/home/carlos/NetBeansProjects/JavaSENoviembreMañana/Clase03/src/ar/com/eduit/curso/java/entities/ClienteMayorista.java</file>
            <file>file:/home/carlos/NetBeansProjects/JavaSENoviembreMañana/Clase03/src/ar/com/eduit/curso/java/doc/Doc.txt</file>
            <file>file:/home/carlos/NetBeansProjects/JavaSENoviembreMañana/Clase03/src/ar/com/eduit/curso/java/entities/ClienteMinorista.java</file>
            <file>file:/home/carlos/NetBeansProjects/JavaSENoviembreMañana/Clase03/src/ar/com/eduit/curso/java/entities/ClienteIndividuo.java</file>
        </group>
    </open-files>
</project-private>
